Дата;Покупатель;Продукт;Сумма
01.01.16 0:00;покупатель 64;товар 19;70 800,00
02.01.16 0:00;покупатель 62;товар 14;79 248,00
03.01.16 0:00;покупатель 86;товар 11;11 176,00
04.01.16 0:00;покупатель 46;товар 10;19 134,00
05.01.16 0:00;покупатель 17;товар 7;43 155,00
06.01.16 0:00;покупатель 2;товар 15;21 810,00
07.01.16 0:00;покупатель 63;товар 8;23 792,00
08.01.16 0:00;покупатель 20;товар 24;60 728,00
09.01.16 0:00;покупатель 2;товар 3;21 906,00
10.01.16 0:00;покупатель 83;товар 6;58 208,00
11.01.16 0:00;покупатель 33;товар 23;84 267,00
12.01.16 0:00;покупатель 25;товар 18;43 890,00
13.01.16 0:00;покупатель 60;товар 12;28 464,00
14.01.16 0:00;покупатель 58;товар 24;8 948,00
15.01.16 0:00;покупатель 46;товар 6;11 860,00
16.01.16 0:00;покупатель 3;товар 18;23 740,00
17.01.16 0:00;покупатель 34;товар 1;6 482,00
18.01.16 0:00;покупатель 14;товар 18;72 360,00
19.01.16 0:00;покупатель 65;товар 13;47 325,00
20.01.16 0:00;покупатель 48;товар 25;47 046,00
21.01.16 0:00;покупатель 7;товар 25;17 675,00
22.01.16 0:00;покупатель 60;товар 13;11 944,00
23.01.16 0:00;покупатель 80;товар 6;4 980,00
24.01.16 0:00;покупатель 81;товар 18;38 020,00
25.01.16 0:00;покупатель 3;товар 1;34 470,00
26.01.16 0:00;покупатель 14;товар 3;85 260,00
27.01.16 0:00;покупатель 66;товар 19;4 230,00
28.01.16 0:00;покупатель 93;товар 5;42 576,00
29.01.16 0:00;покупатель 88;товар 24;8 160,00
30.01.16 0:00;покупатель 42;товар 17;22 539,00
31.01.16 0:00;покупатель 16;товар 25;48 690,00
01.02.16 0:00;покупатель 56;товар 3;52 794,00
02.02.16 0:00;покупатель 21;товар 18;54 408,00
03.02.16 0:00;покупатель 30;товар 25;25 827,00
04.02.16 0:00;покупатель 84;товар 10;28 416,00
05.02.16 0:00;покупатель 34;товар 4;19 320,00
06.02.16 0:00;покупатель 31;товар 9;19 579,00
07.02.16 0:00;покупатель 28;товар 1;2 674,00
08.02.16 0:00;покупатель 72;товар 22;17 375,00
09.02.16 0:00;покупатель 41;товар 23;43 940,00
10.02.16 0:00;покупатель 74;товар 23;17 667,00
11.02.16 0:00;покупатель 98;товар 9;21 250,00
12.02.16 0:00;покупатель 35;товар 12;44 469,00
13.02.16 0:00;покупатель 53;товар 25;18 914,00
14.02.16 0:00;покупатель 72;товар 6;56 483,00
15.02.16 0:00;покупатель 7;товар 12;29 888,00
16.02.16 0:00;покупатель 41;товар 15;7 686,00
17.02.16 0:00;покупатель 75;товар 21;81 036,00
18.02.16 0:00;покупатель 50;товар 12;20 788,00
19.02.16 0:00;покупатель 18;товар 5;45 104,00
20.02.16 0:00;покупатель 50;товар 20;45 045,00
21.02.16 0:00;покупатель 6;товар 20;13 690,00
22.02.16 0:00;покупатель 75;товар 10;19 650,00
23.02.16 0:00;покупатель 69;товар 4;33 552,00
24.02.16 0:00;покупатель 28;товар 24;51 324,00
25.02.16 0:00;покупатель 87;товар 15;21 681,00
26.02.16 0:00;покупатель 37;товар 2;14 355,00
27.02.16 0:00;покупатель 17;товар 1;9 816,00
28.02.16 0:00;покупатель 90;товар 15;25 760,00
29.02.16 0:00;покупатель 65;товар 9;42 497,00
01.03.16 0:00;покупатель 94;товар 16;3 967,00
02.03.16 0:00;покупатель 84;товар 23;16 740,00
03.03.16 0:00;покупатель 66;товар 17;3 762,00
04.03.16 0:00;покупатель 10;товар 3;23 800,00
05.03.16 0:00;покупатель 92;товар 11;3 122,00
06.03.16 0:00;покупатель 46;товар 7;68 080,00
07.03.16 0:00;покупатель 96;товар 8;65 904,00
08.03.16 0:00;покупатель 27;товар 6;36 430,00
09.03.16 0:00;покупатель 6;товар 1;15 515,00
10.03.16 0:00;покупатель 44;товар 17;35 245,00
11.03.16 0:00;покупатель 84;товар 24;5 072,00
12.03.16 0:00;покупатель 93;товар 2;59 658,00
13.03.16 0:00;покупатель 55;товар 23;4 470,00
14.03.16 0:00;покупатель 94;товар 10;88 083,00
15.03.16 0:00;покупатель 24;товар 16;12 372,00
16.03.16 0:00;покупатель 82;товар 12;42 804,00
17.03.16 0:00;покупатель 16;товар 24;31 430,00
18.03.16 0:00;покупатель 42;товар 20;29 442,00
19.03.16 0:00;покупатель 66;товар 24;1 502,00
20.03.16 0:00;покупатель 21;товар 14;74 619,00
21.03.16 0:00;покупатель 51;товар 13;21 222,00
22.03.16 0:00;покупатель 71;товар 17;34 391,00
23.03.16 0:00;покупатель 79;товар 20;44 540,00
24.03.16 0:00;покупатель 18;товар 20;15 184,00
25.03.16 0:00;покупатель 57;товар 6;32 368,00
26.03.16 0:00;покупатель 11;товар 20;9 894,00
27.03.16 0:00;покупатель 97;товар 24;36 855,00
28.03.16 0:00;покупатель 50;товар 18;1 086,00
29.03.16 0:00;покупатель 8;товар 12;7 488,00
30.03.16 0:00;покупатель 8;товар 6;13 478,00
31.03.16 0:00;покупатель 56;товар 3;35 744,00
01.04.16 0:00;покупатель 15;товар 16;1 616,00
02.04.16 0:00;покупатель 66;товар 2;71 649,00
03.04.16 0:00;покупатель 74;товар 23;68 145,00
04.04.16 0:00;покупатель 46;товар 23;40 383,00
05.04.16 0:00;покупатель 75;товар 7;30 033,00
06.04.16 0:00;покупатель 97;товар 11;5 148,00
07.04.16 0:00;покупатель 85;товар 20;52 674,00
08.04.16 0:00;покупатель 58;товар 21;2 828,00
09.04.16 0:00;покупатель 5;товар 10;39 508,00
10.04.16 0:00;покупатель 19;товар 19;9 590,00
11.04.16 0:00;покупатель 46;товар 11;36 710,00
12.04.16 0:00;покупатель 90;товар 9;91 810,00
13.04.16 0:00;покупатель 65;товар 1;7 255,00
14.04.16 0:00;покупатель 74;товар 23;32 400,00
15.04.16 0:00;покупатель 92;товар 18;43 386,00
16.04.16 0:00;покупатель 53;товар 22;24 096,00
17.04.16 0:00;покупатель 84;товар 16;27 027,00
18.04.16 0:00;покупатель 40;товар 1;37 765,00
19.04.16 0:00;покупатель 93;товар 19;39 384,00
20.04.16 0:00;покупатель 44;товар 11;26 971,00
21.04.16 0:00;покупатель 87;товар 13;92 560,00
22.04.16 0:00;покупатель 94;товар 19;39 764,00
23.04.16 0:00;покупатель 53;товар 3;3 048,00
24.04.16 0:00;покупатель 13;товар 15;15 690,00
25.04.16 0:00;покупатель 47;товар 19;11 310,00
26.04.16 0:00;покупатель 37;товар 15;59 899,00
27.04.16 0:00;покупатель 3;товар 25;13 462,00
28.04.16 0:00;покупатель 77;товар 23;39 984,00
29.04.16 0:00;покупатель 65;товар 13;8 620,00
30.04.16 0:00;покупатель 66;товар 23;19 590,00
01.05.16 0:00;покупатель 10;товар 22;29 930,00
02.05.16 0:00;покупатель 44;товар 21;79 296,00
03.05.16 0:00;покупатель 40;товар 2;19 017,00
04.05.16 0:00;покупатель 30;товар 8;8 094,00
05.05.16 0:00;покупатель 88;товар 22;68 180,00
06.05.16 0:00;покупатель 38;товар 3;15 879,00
07.05.16 0:00;покупатель 96;товар 3;17 667,00
08.05.16 0:00;покупатель 35;товар 24;29 813,00
09.05.16 0:00;покупатель 48;товар 18;19 824,00
10.05.16 0:00;покупатель 91;товар 8;5 005,00
11.05.16 0:00;покупатель 17;товар 19;60 330,00
12.05.16 0:00;покупатель 74;товар 6;9 756,00
13.05.16 0:00;покупатель 54;товар 12;16 380,00
14.05.16 0:00;покупатель 87;товар 3;68 810,00
15.05.16 0:00;покупатель 20;товар 13;8 351,00
16.05.16 0:00;покупатель 77;товар 12;42 504,00
17.05.16 0:00;покупатель 94;товар 17;11 020,00
18.05.16 0:00;покупатель 15;товар 4;20 511,00
19.05.16 0:00;покупатель 28;товар 10;5 118,00
20.05.16 0:00;покупатель 27;товар 20;6 015,00
21.05.16 0:00;покупатель 24;товар 6;51 760,00
22.05.16 0:00;покупатель 79;товар 5;10 644,00
23.05.16 0:00;покупатель 51;товар 20;19 248,00
24.05.16 0:00;покупатель 83;товар 3;27 687,00
25.05.16 0:00;покупатель 73;товар 20;37 332,00
26.05.16 0:00;покупатель 29;товар 20;16 242,00
27.05.16 0:00;покупатель 11;товар 9;16 930,00
28.05.16 0:00;покупатель 75;товар 11;42 300,00
29.05.16 0:00;покупатель 64;товар 23;52 976,00
30.05.16 0:00;покупатель 8;товар 6;44 328,00
31.05.16 0:00;покупатель 38;товар 25;7 316,00
01.06.16 0:00;покупатель 12;товар 12;1 390,00
02.06.16 0:00;покупатель 97;товар 6;19 548,00
03.06.16 0:00;покупатель 2;товар 10;84 210,00
04.06.16 0:00;покупатель 14;товар 17;11 672,00
05.06.16 0:00;покупатель 18;товар 18;87 615,00
06.06.16 0:00;покупатель 95;товар 2;38 056,00
07.06.16 0:00;покупатель 8;товар 10;80 064,00
08.06.16 0:00;покупатель 89;товар 5;12 390,00
09.06.16 0:00;покупатель 78;товар 19;35 208,00
10.06.16 0:00;покупатель 71;товар 2;14 680,00
11.06.16 0:00;покупатель 89;товар 23;68 810,00
12.06.16 0:00;покупатель 53;товар 14;17 622,00
13.06.16 0:00;покупатель 35;товар 17;58 784,00
14.06.16 0:00;покупатель 76;товар 2;19 482,00
15.06.16 0:00;покупатель 41;товар 5;19 956,00
16.06.16 0:00;покупатель 78;товар 15;88 506,00
17.06.16 0:00;покупатель 49;товар 3;30 411,00
18.06.16 0:00;покупатель 99;товар 10;27 504,00
19.06.16 0:00;покупатель 47;товар 10;19 434,00
20.06.16 0:00;покупатель 41;товар 3;37 400,00
21.06.16 0:00;покупатель 8;товар 24;10 654,00
22.06.16 0:00;покупатель 58;товар 20;39 240,00
23.06.16 0:00;покупатель 42;товар 1;17 348,00
24.06.16 0:00;покупатель 81;товар 2;31 644,00
25.06.16 0:00;покупатель 60;товар 24;52 880,00
26.06.16 0:00;покупатель 42;товар 2;2 928,00
27.06.16 0:00;покупатель 56;товар 22;30 200,00
28.06.16 0:00;покупатель 7;товар 9;82 404,00
29.06.16 0:00;покупатель 57;товар 16;17 697,00
30.06.16 0:00;покупатель 46;товар 15;9 800,00
01.07.16 0:00;покупатель 66;товар 3;66 374,00
02.07.16 0:00;покупатель 66;товар 18;5 248,00
03.07.16 0:00;покупатель 24;товар 6;14 875,00
04.07.16 0:00;покупатель 95;товар 13;11 140,00
05.07.16 0:00;покупатель 34;товар 9;48 545,00
06.07.16 0:00;покупатель 12;товар 15;41 700,00
07.07.16 0:00;покупатель 6;товар 20;2 819,00
08.07.16 0:00;покупатель 82;товар 2;9 772,00
09.07.16 0:00;покупатель 3;товар 4;64 260,00
10.07.16 0:00;покупатель 27;товар 10;1 201,00
11.07.16 0:00;покупатель 5;товар 11;25 452,00
12.07.16 0:00;покупатель 54;товар 10;38 080,00
13.07.16 0:00;покупатель 67;товар 8;25 005,00
14.07.16 0:00;покупатель 17;товар 22;8 889,00
15.07.16 0:00;покупатель 77;товар 1;17 704,00
16.07.16 0:00;покупатель 27;товар 9;62 766,00
17.07.16 0:00;покупатель 76;товар 16;20 092,00
18.07.16 0:00;покупатель 92;товар 5;44 250,00
19.07.16 0:00;покупатель 47;товар 3;42 049,00
20.07.16 0:00;покупатель 68;товар 12;27 640,00
21.07.16 0:00;покупатель 14;товар 8;18 078,00
22.07.16 0:00;покупатель 24;товар 6;59 880,00
23.07.16 0:00;покупатель 20;товар 12;19 652,00
24.07.16 0:00;покупатель 15;товар 2;16 161,00
25.07.16 0:00;покупатель 30;товар 2;3 207,00
26.07.16 0:00;покупатель 72;товар 8;3 906,00
27.07.16 0:00;покупатель 71;товар 22;65 980,00
28.07.16 0:00;покупатель 5;товар 5;37 560,00
29.07.16 0:00;покупатель 26;товар 22;66 724,00
30.07.16 0:00;покупатель 67;товар 21;21 154,00
31.07.16 0:00;покупатель 57;товар 6;36 215,00
01.08.16 0:00;покупатель 86;товар 5;13 904,00
02.08.16 0:00;покупатель 22;товар 7;20 860,00
03.08.16 0:00;покупатель 2;товар 14;50 032,00
04.08.16 0:00;покупатель 57;товар 2;28 600,00
05.08.16 0:00;покупатель 82;товар 9;8 520,00
06.08.16 0:00;покупатель 3;товар 24;7 154,00
07.08.16 0:00;покупатель 47;товар 19;6 102,00
08.08.16 0:00;покупатель 15;товар 16;13 042,00
09.08.16 0:00;покупатель 81;товар 19;3 491,00
10.08.16 0:00;покупатель 51;товар 7;76 728,00
11.08.16 0:00;покупатель 12;товар 4;25 004,00
12.08.16 0:00;покупатель 6;товар 5;8 774,00
13.08.16 0:00;покупатель 79;товар 15;6 912,00
14.08.16 0:00;покупатель 21;товар 1;12 282,00
15.08.16 0:00;покупатель 25;товар 16;29 472,00
16.08.16 0:00;покупатель 82;товар 15;60 128,00
17.08.16 0:00;покупатель 73;товар 17;6 956,00
18.08.16 0:00;покупатель 28;товар 2;2 088,00
19.08.16 0:00;покупатель 6;товар 3;1 581,00
20.08.16 0:00;покупатель 34;товар 15;39 656,00
21.08.16 0:00;покупатель 61;товар 12;45 515,00
22.08.16 0:00;покупатель 25;товар 22;73 314,00
23.08.16 0:00;покупатель 20;товар 18;73 540,00
24.08.16 0:00;покупатель 67;товар 5;17 224,00
25.08.16 0:00;покупатель 71;товар 20;93 910,00
26.08.16 0:00;покупатель 84;товар 2;10 682,00
27.08.16 0:00;покупатель 14;товар 5;5 532,00
28.08.16 0:00;покупатель 36;товар 23;32 556,00
29.08.16 0:00;покупатель 75;товар 11;54 768,00
30.08.16 0:00;покупатель 71;товар 2;59 280,00
31.08.16 0:00;покупатель 72;товар 14;35 466,00
01.09.16 0:00;покупатель 48;товар 4;38 610,00
02.09.16 0:00;покупатель 96;товар 22;35 160,00
03.09.16 0:00;покупатель 28;товар 5;56 007,00
04.09.16 0:00;покупатель 16;товар 1;65 330,00
05.09.16 0:00;покупатель 60;товар 23;7 894,00
06.09.16 0:00;покупатель 84;товар 4;56 670,00
07.09.16 0:00;покупатель 33;товар 7;23 668,00
08.09.16 0:00;покупатель 53;товар 7;4 002,00
09.09.16 0:00;покупатель 66;товар 22;2 736,00
10.09.16 0:00;покупатель 1;товар 10;15 120,00
11.09.16 0:00;покупатель 36;товар 24;39 240,00
12.09.16 0:00;покупатель 50;товар 8;19 660,00
13.09.16 0:00;покупатель 47;товар 6;47 660,00
14.09.16 0:00;покупатель 3;товар 2;45 752,00
15.09.16 0:00;покупатель 43;товар 21;8 784,00
16.09.16 0:00;покупатель 15;товар 21;21 996,00
17.09.16 0:00;покупатель 28;товар 21;7 280,00
18.09.16 0:00;покупатель 44;товар 1;35 168,00
19.09.16 0:00;покупатель 65;товар 14;19 138,00
20.09.16 0:00;покупатель 60;товар 11;18 432,00
21.09.16 0:00;покупатель 16;товар 23;1 183,00
22.09.16 0:00;покупатель 61;товар 13;54 192,00
23.09.16 0:00;покупатель 43;товар 22;80 460,00
24.09.16 0:00;покупатель 85;товар 16;34 432,00
25.09.16 0:00;покупатель 98;товар 4;41 250,00
26.09.16 0:00;покупатель 25;товар 9;5 417,00
27.09.16 0:00;покупатель 65;товар 19;71 416,00
28.09.16 0:00;покупатель 28;товар 12;11 091,00
29.09.16 0:00;покупатель 49;товар 25;50 769,00
30.09.16 0:00;покупатель 55;товар 9;33 080,00
01.10.16 0:00;покупатель 44;товар 15;44 127,00
02.10.16 0:00;покупатель 33;товар 19;52 704,00
03.10.16 0:00;покупатель 67;товар 6;9 178,00
04.10.16 0:00;покупатель 98;товар 10;56 800,00
05.10.16 0:00;покупатель 12;товар 5;11 440,00
06.10.16 0:00;покупатель 44;товар 5;15 672,00
07.10.16 0:00;покупатель 58;товар 6;21 150,00
08.10.16 0:00;покупатель 6;товар 1;23 805,00
09.10.16 0:00;покупатель 16;товар 22;16 510,00
10.10.16 0:00;покупатель 36;товар 18;50 974,00
11.10.16 0:00;покупатель 41;товар 15;62 865,00
12.10.16 0:00;покупатель 29;товар 25;14 165,00
13.10.16 0:00;покупатель 5;товар 16;10 290,00
14.10.16 0:00;покупатель 76;товар 2;27 360,00
15.10.16 0:00;покупатель 3;товар 3;76 880,00
16.10.16 0:00;покупатель 20;товар 1;15 708,00
17.10.16 0:00;покупатель 58;товар 3;12 068,00
18.10.16 0:00;покупатель 7;товар 3;3 093,00
19.10.16 0:00;покупатель 84;товар 2;26 220,00
20.10.16 0:00;покупатель 80;товар 2;4 485,00
21.10.16 0:00;покупатель 16;товар 7;33 085,00
22.10.16 0:00;покупатель 32;товар 25;14 082,00
23.10.16 0:00;покупатель 49;товар 2;41 620,00
24.10.16 0:00;покупатель 5;товар 11;8 067,00
25.10.16 0:00;покупатель 40;товар 17;27 812,00
26.10.16 0:00;покупатель 16;товар 16;12 186,00
27.10.16 0:00;покупатель 29;товар 12;33 820,00
28.10.16 0:00;покупатель 81;товар 16;10 422,00
29.10.16 0:00;покупатель 8;товар 9;1 795,00
30.10.16 0:00;покупатель 78;товар 16;14 877,00
31.10.16 0:00;покупатель 11;товар 20;32 744,00
01.11.16 0:00;покупатель 91;товар 16;14 568,00
02.11.16 0:00;покупатель 13;товар 1;32 436,00
03.11.16 0:00;покупатель 79;товар 20;11 000,00
04.11.16 0:00;покупатель 20;товар 16;28 986,00
05.11.16 0:00;покупатель 79;товар 21;19 256,00
06.11.16 0:00;покупатель 73;товар 20;3 034,00
07.11.16 0:00;покупатель 38;товар 12;43 310,00
08.11.16 0:00;покупатель 56;товар 13;23 656,00
09.11.16 0:00;покупатель 45;товар 10;12 140,00
10.11.16 0:00;покупатель 59;товар 12;10 509,00
11.11.16 0:00;покупатель 48;товар 2;51 548,00
12.11.16 0:00;покупатель 39;товар 11;4 323,00
13.11.16 0:00;покупатель 12;товар 15;7 545,00
14.11.16 0:00;покупатель 40;товар 5;22 520,00
15.11.16 0:00;покупатель 41;товар 7;10 276,00
16.11.16 0:00;покупатель 58;товар 9;8 192,00
17.11.16 0:00;покупатель 79;товар 22;29 010,00
18.11.16 0:00;покупатель 9;товар 10;23 070,00
19.11.16 0:00;покупатель 69;товар 25;43 000,00
20.11.16 0:00;покупатель 4;товар 20;53 808,00
21.11.16 0:00;покупатель 68;товар 15;64 141,00
22.11.16 0:00;покупатель 86;товар 14;49 203,00
23.11.16 0:00;покупатель 65;товар 7;47 595,00
24.11.16 0:00;покупатель 66;товар 6;5 240,00
25.11.16 0:00;покупатель 39;товар 19;9 092,00
26.11.16 0:00;покупатель 44;товар 23;9 352,00
27.11.16 0:00;покупатель 35;товар 12;69 615,00
28.11.16 0:00;покупатель 4;товар 10;46 110,00
29.11.16 0:00;покупатель 39;товар 20;46 000,00
30.11.16 0:00;покупатель 74;товар 10;90 410,00
01.12.16 0:00;покупатель 41;товар 4;69 146,00
02.12.16 0:00;покупатель 54;товар 10;9 672,00
03.12.16 0:00;покупатель 82;товар 10;33 378,00
04.12.16 0:00;покупатель 16;товар 22;89 720,00
05.12.16 0:00;покупатель 52;товар 4;56 749,00
06.12.16 0:00;покупатель 100;товар 19;18 622,00
07.12.16 0:00;покупатель 88;товар 5;34 700,00
08.12.16 0:00;покупатель 77;товар 1;10 488,00
09.12.16 0:00;покупатель 42;товар 24;8 300,00
10.12.16 0:00;покупатель 30;товар 8;4 398,00
11.12.16 0:00;покупатель 78;товар 24;10 260,00
12.12.16 0:00;покупатель 64;товар 13;22 476,00
13.12.16 0:00;покупатель 71;товар 1;8 055,00
14.12.16 0:00;покупатель 90;товар 3;29 995,00
15.12.16 0:00;покупатель 99;товар 14;45 450,00
16.12.16 0:00;покупатель 84;товар 3;5 457,00
17.12.16 0:00;покупатель 77;товар 6;15 630,00
18.12.16 0:00;покупатель 38;товар 9;2 250,00
19.12.16 0:00;покупатель 68;товар 21;47 943,00
20.12.16 0:00;покупатель 92;товар 9;10 820,00
21.12.16 0:00;покупатель 40;товар 14;44 436,00
22.12.16 0:00;покупатель 62;товар 14;4 782,00
23.12.16 0:00;покупатель 42;товар 21;4 774,00
24.12.16 0:00;покупатель 83;товар 7;46 340,00
25.12.16 0:00;покупатель 60;товар 5;10 036,00
26.12.16 0:00;покупатель 3;товар 25;97 980,00
27.12.16 0:00;покупатель 13;товар 18;6 696,00
28.12.16 0:00;покупатель 51;товар 8;36 225,00
29.12.16 0:00;покупатель 11;товар 6;19 002,00
30.12.16 0:00;покупатель 47;товар 13;16 848,00
31.12.16 0:00;покупатель 85;товар 25;12 213,00
01.01.17 0:00;покупатель 99;товар 1;16 015,70
02.01.17 0:00;покупатель 55;товар 11;40 952,00
03.01.17 0:00;покупатель 95;товар 25;5 430,00
04.01.17 0:00;покупатель 50;товар 12;9 146,00
05.01.17 0:00;покупатель 82;товар 1;20 216,00
06.01.17 0:00;покупатель 66;товар 12;29 010,00
07.01.17 0:00;покупатель 98;товар 12;11 796,30
08.01.17 0:00;покупатель 7;товар 17;17 063,75
09.01.17 0:00;покупатель 3;товар 5;13 739,40
10.01.17 0:00;покупатель 85;товар 13;71 400,00
11.01.17 0:00;покупатель 68;товар 7;12 208,00
12.01.17 0:00;покупатель 88;товар 3;37 514,75
13.01.17 0:00;покупатель 77;товар 7;6 114,00
14.01.17 0:00;покупатель 61;товар 14;45 414,00
15.01.17 0:00;покупатель 32;товар 21;2 476,00
16.01.17 0:00;покупатель 69;товар 17;13 286,00
17.01.17 0:00;покупатель 13;товар 1;64 230,00
18.01.17 0:00;покупатель 90;товар 16;19 193,00
19.01.17 0:00;покупатель 60;товар 17;30 303,00
20.01.17 0:00;покупатель 66;товар 12;10 746,00
21.01.17 0:00;покупатель 27;товар 14;78 760,00
22.01.17 0:00;покупатель 67;товар 3;37 775,70
23.01.17 0:00;покупатель 36;товар 9;14 613,20
24.01.17 0:00;покупатель 21;товар 12;7 498,00
25.01.17 0:00;покупатель 41;товар 17;17 306,85
26.01.17 0:00;покупатель 43;товар 9;6 936,00
27.01.17 0:00;покупатель 24;товар 12;20 955,90
28.01.17 0:00;покупатель 49;товар 7;19 101,20
29.01.17 0:00;покупатель 14;товар 4;74 213,50
30.01.17 0:00;покупатель 5;товар 10;5 668,00
31.01.17 0:00;покупатель 7;товар 25;35 174,70
01.02.17 0:00;покупатель 49;товар 7;59 874,00
02.02.17 0:00;покупатель 62;товар 14;54 990,00
03.02.17 0:00;покупатель 91;товар 1;77 508,00
04.02.17 0:00;покупатель 44;товар 16;45 120,00
05.02.17 0:00;покупатель 13;товар 21;7 986,00
06.02.17 0:00;покупатель 94;товар 15;55 576,40
07.02.17 0:00;покупатель 16;товар 12;49 801,50
08.02.17 0:00;покупатель 26;товар 1;55 741,00
09.02.17 0:00;покупатель 48;товар 24;10 767,80
10.02.17 0:00;покупатель 24;товар 17;9 554,00
11.02.17 0:00;покупатель 26;товар 25;8 328,00
12.02.17 0:00;покупатель 60;товар 3;13 748,00
13.02.17 0:00;покупатель 49;товар 11;26 231,00
14.02.17 0:00;покупатель 7;товар 15;50 895,45
15.02.17 0:00;покупатель 42;товар 3;6 422,00
16.02.17 0:00;покупатель 60;товар 25;39 208,00
17.02.17 0:00;покупатель 61;товар 21;10 605,00
18.02.17 0:00;покупатель 25;товар 19;61 383,60
19.02.17 0:00;покупатель 15;товар 7;15 220,10
20.02.17 0:00;покупатель 71;товар 16;6 760,00
21.02.17 0:00;покупатель 22;товар 21;7 870,15
22.02.17 0:00;покупатель 84;товар 23;59 738,00
23.02.17 0:00;покупатель 13;товар 22;10 530,00
24.02.17 0:00;покупатель 76;товар 2;21 480,00
25.02.17 0:00;покупатель 5;товар 7;18 904,00
26.02.17 0:00;покупатель 91;товар 24;26 474,00
27.02.17 0:00;покупатель 36;товар 13;1 421,20
28.02.17 0:00;покупатель 94;товар 4;10 294,35
01.03.17 0:00;покупатель 65;товар 1;76 872,00
02.03.17 0:00;покупатель 65;товар 8;50 900,00
03.03.17 0:00;покупатель 65;товар 11;4 461,00
04.03.17 0:00;покупатель 45;товар 24;15 828,00
05.03.17 0:00;покупатель 23;товар 1;8 566,00
06.03.17 0:00;покупатель 5;товар 23;64 449,00
07.03.17 0:00;покупатель 2;товар 22;2 735,00
08.03.17 0:00;покупатель 27;товар 20;9 768,00
09.03.17 0:00;покупатель 13;товар 14;52 146,00
10.03.17 0:00;покупатель 82;товар 24;66 339,00
11.03.17 0:00;покупатель 73;товар 15;16 117,70
12.03.17 0:00;покупатель 83;товар 20;2 567,00
13.03.17 0:00;покупатель 79;товар 25;22 392,00
14.03.17 0:00;покупатель 2;товар 4;55 728,00
15.03.17 0:00;покупатель 32;товар 4;58 644,00
16.03.17 0:00;покупатель 81;товар 2;71 068,50
17.03.17 0:00;покупатель 34;товар 18;10 543,40
18.03.17 0:00;покупатель 45;товар 14;25 835,00
19.03.17 0:00;покупатель 17;товар 9;28 268,00
20.03.17 0:00;покупатель 57;товар 5;68 472,00
21.03.17 0:00;покупатель 80;товар 3;62 036,40
22.03.17 0:00;покупатель 26;товар 12;68 373,00
23.03.17 0:00;покупатель 31;товар 20;7 530,00
24.03.17 0:00;покупатель 19;товар 15;18 522,00
25.03.17 0:00;покупатель 89;товар 17;85 390,00
26.03.17 0:00;покупатель 4;товар 13;37 775,70
27.03.17 0:00;покупатель 21;товар 25;9 301,00
28.03.17 0:00;покупатель 36;товар 13;49 308,50
29.03.17 0:00;покупатель 9;товар 6;8 216,00
30.03.17 0:00;покупатель 95;товар 14;18 228,00
31.03.17 0:00;покупатель 52;товар 12;14 211,00
01.04.17 0:00;покупатель 11;товар 22;45 600,00
02.04.17 0:00;покупатель 88;товар 11;20 045,55
03.04.17 0:00;покупатель 46;товар 8;15 936,00
04.04.17 0:00;покупатель 1;товар 12;28 748,70
05.04.17 0:00;покупатель 94;товар 8;28 411,25
06.04.17 0:00;покупатель 93;товар 19;7 458,00
07.04.17 0:00;покупатель 86;товар 16;11 632,25
08.04.17 0:00;покупатель 91;товар 4;32 640,00
09.04.17 0:00;покупатель 81;товар 20;3 791,00
10.04.17 0:00;покупатель 16;товар 9;60 520,00
11.04.17 0:00;покупатель 84;товар 1;40 392,00
12.04.17 0:00;покупатель 69;товар 9;39 466,00
13.04.17 0:00;покупатель 93;товар 13;11 850,00
14.04.17 0:00;покупатель 33;товар 1;72 088,50
15.04.17 0:00;покупатель 81;товар 6;11 306,70
16.04.17 0:00;покупатель 87;товар 16;21 032,40
17.04.17 0:00;покупатель 37;товар 8;61 112,00
18.04.17 0:00;покупатель 56;товар 8;7 805,00
19.04.17 0:00;покупатель 64;товар 8;13 656,00
20.04.17 0:00;покупатель 4;товар 4;33 190,80
21.04.17 0:00;покупатель 47;товар 23;58 833,60
22.04.17 0:00;покупатель 32;товар 5;15 716,00
23.04.17 0:00;покупатель 13;товар 20;6 964,00
24.04.17 0:00;покупатель 93;товар 19;8 714,00
25.04.17 0:00;покупатель 8;товар 24;14 735,60
26.04.17 0:00;покупатель 68;товар 9;6 805,00
27.04.17 0:00;покупатель 25;товар 17;45 624,60
28.04.17 0:00;покупатель 63;товар 25;21 430,20
29.04.17 0:00;покупатель 62;товар 9;16 180,00
30.04.17 0:00;покупатель 78;товар 9;4 898,55
01.05.17 0:00;покупатель 6;товар 24;29 715,00
02.05.17 0:00;покупатель 68;товар 3;8 838,00
03.05.17 0:00;покупатель 11;товар 25;53 760,00
04.05.17 0:00;покупатель 79;товар 15;2 820,00
05.05.17 0:00;покупатель 89;товар 1;38 448,00
06.05.17 0:00;покупатель 74;товар 20;23 016,00
07.05.17 0:00;покупатель 10;товар 9;50 902,25
08.05.17 0:00;покупатель 66;товар 21;2 642,00
09.05.17 0:00;покупатель 81;товар 19;12 780,60
10.05.17 0:00;покупатель 66;товар 9;33 354,00
11.05.17 0:00;покупатель 13;товар 11;26 564,00
12.05.17 0:00;покупатель 4;товар 19;6 181,20
13.05.17 0:00;покупатель 19;товар 11;37 320,00
14.05.17 0:00;покупатель 65;товар 11;10 730,00
15.05.17 0:00;покупатель 76;товар 9;54 131,00
16.05.17 0:00;покупатель 55;товар 21;3 493,00
17.05.17 0:00;покупатель 37;товар 16;9 310,00
18.05.17 0:00;покупатель 17;товар 25;11 275,00
19.05.17 0:00;покупатель 70;товар 11;9 045,00
20.05.17 0:00;покупатель 46;товар 4;14 943,00
21.05.17 0:00;покупатель 3;товар 25;48 105,75
22.05.17 0:00;покупатель 25;товар 2;5 105,10
23.05.17 0:00;покупатель 33;товар 9;43 384,00
24.05.17 0:00;покупатель 22;товар 18;19 414,85
25.05.17 0:00;покупатель 21;товар 15;7 266,00
26.05.17 0:00;покупатель 42;товар 4;2 349,00
27.05.17 0:00;покупатель 31;товар 18;11 242,00
28.05.17 0:00;покупатель 83;товар 12;18 222,00
29.05.17 0:00;покупатель 8;товар 11;4 278,05
30.05.17 0:00;покупатель 65;товар 16;28 266,00
31.05.17 0:00;покупатель 19;товар 16;8 004,00
01.06.17 0:00;покупатель 58;товар 11;40 131,90
02.06.17 0:00;покупатель 81;товар 1;37 107,60
03.06.17 0:00;покупатель 19;товар 3;32 400,00
04.06.17 0:00;покупатель 11;товар 7;48 528,00
05.06.17 0:00;покупатель 83;товар 11;78 560,00
06.06.17 0:00;покупатель 19;товар 16;17 280,00
07.06.17 0:00;покупатель 79;товар 3;59 073,00
08.06.17 0:00;покупатель 100;товар 14;29 732,00
09.06.17 0:00;покупатель 81;товар 19;24 936,45
10.06.17 0:00;покупатель 41;товар 18;24 131,50
11.06.17 0:00;покупатель 61;товар 1;11 853,00
12.06.17 0:00;покупатель 36;товар 2;59 065,65
13.06.17 0:00;покупатель 14;товар 18;6 166,75
14.06.17 0:00;покупатель 6;товар 13;18 252,00
15.06.17 0:00;покупатель 95;товар 2;43 024,00
16.06.17 0:00;покупатель 91;товар 15;71 150,00
17.06.17 0:00;покупатель 14;товар 24;49 551,60
18.06.17 0:00;покупатель 27;товар 16;83 655,00
19.06.17 0:00;покупатель 16;товар 2;2 614,60
20.06.17 0:00;покупатель 1;товар 13;27 295,20
21.06.17 0:00;покупатель 3;товар 9;30 672,25
22.06.17 0:00;покупатель 26;товар 5;11 112,00
23.06.17 0:00;покупатель 54;товар 1;6 348,65
24.06.17 0:00;покупатель 33;товар 20;20 468,00
25.06.17 0:00;покупатель 71;товар 25;41 136,00
26.06.17 0:00;покупатель 98;товар 18;29 146,50
27.06.17 0:00;покупатель 4;товар 9;14 405,80
28.06.17 0:00;покупатель 5;товар 11;36 295,00
29.06.17 0:00;покупатель 70;товар 16;51 852,00
30.06.17 0:00;покупатель 18;товар 14;25 926,00
01.07.17 0:00;покупатель 59;товар 16;64 692,00
02.07.17 0:00;покупатель 99;товар 11;19 808,40
03.07.17 0:00;покупатель 3;товар 7;22 433,20
04.07.17 0:00;покупатель 20;товар 14;2 659,65
05.07.17 0:00;покупатель 89;товар 16;26 745,00
06.07.17 0:00;покупатель 7;товар 21;31 410,05
07.07.17 0:00;покупатель 93;товар 25;67 432,00
08.07.17 0:00;покупатель 62;товар 22;1 616,00
09.07.17 0:00;покупатель 40;товар 18;16 026,00
10.07.17 0:00;покупатель 51;товар 24;48 678,00
11.07.17 0:00;покупатель 53;товар 20;33 927,75
12.07.17 0:00;покупатель 54;товар 16;34 017,00
13.07.17 0:00;покупатель 73;товар 14;34 542,30
14.07.17 0:00;покупатель 48;товар 23;51 748,00
15.07.17 0:00;покупатель 93;товар 5;20 100,00
16.07.17 0:00;покупатель 22;товар 12;57 477,00
17.07.17 0:00;покупатель 32;товар 14;3 941,00
18.07.17 0:00;покупатель 10;товар 13;7 497,00
19.07.17 0:00;покупатель 89;товар 1;21 590,00
20.07.17 0:00;покупатель 61;товар 7;16 863,00
21.07.17 0:00;покупатель 70;товар 11;51 664,00
22.07.17 0:00;покупатель 39;товар 21;36 767,60
23.07.17 0:00;покупатель 76;товар 10;53 352,00
24.07.17 0:00;покупатель 27;товар 7;26 040,00
25.07.17 0:00;покупатель 3;товар 11;4 651,20
26.07.17 0:00;покупатель 21;товар 15;4 374,00
27.07.17 0:00;покупатель 11;товар 17;72 230,00
28.07.17 0:00;покупатель 32;товар 7;4 285,00
29.07.17 0:00;покупатель 66;товар 21;4 164,00
30.07.17 0:00;покупатель 25;товар 23;5 309,10
31.07.17 0:00;покупатель 92;товар 2;16 600,00
01.08.17 0:00;покупатель 25;товар 15;36 367,25
02.08.17 0:00;покупатель 34;товар 10;10 249,30
03.08.17 0:00;покупатель 79;товар 2;13 425,00
04.08.17 0:00;покупатель 58;товар 2;14 307,20
05.08.17 0:00;покупатель 84;товар 13;4 628,25
06.08.17 0:00;покупатель 98;товар 23;4 760,00
07.08.17 0:00;покупатель 3;товар 25;17 224,40
08.08.17 0:00;покупатель 68;товар 17;11 648,00
09.08.17 0:00;покупатель 36;товар 6;41 569,25
10.08.17 0:00;покупатель 41;товар 5;8 292,60
11.08.17 0:00;покупатель 35;товар 20;36 176,00
12.08.17 0:00;покупатель 1;товар 6;72 323,10
13.08.17 0:00;покупатель 93;товар 14;20 888,00
14.08.17 0:00;покупатель 50;товар 21;29 660,75
15.08.17 0:00;покупатель 68;товар 25;23 094,00
16.08.17 0:00;покупатель 62;товар 6;39 520,00
17.08.17 0:00;покупатель 4;товар 23;6 615,55
18.08.17 0:00;покупатель 41;товар 22;7 476,60
19.08.17 0:00;покупатель 98;товар 12;11 265,90
20.08.17 0:00;покупатель 40;товар 23;24 066,00
21.08.17 0:00;покупатель 14;товар 9;46 444,00
22.08.17 0:00;покупатель 57;товар 21;9 360,00
23.08.17 0:00;покупатель 79;товар 16;35 776,00
24.08.17 0:00;покупатель 21;товар 7;28 512,00
25.08.17 0:00;покупатель 63;товар 2;8 609,65
26.08.17 0:00;покупатель 59;товар 19;4 347,00
27.08.17 0:00;покупатель 14;товар 18;38 122,50
28.08.17 0:00;покупатель 9;товар 13;7 668,00
29.08.17 0:00;покупатель 91;товар 25;14 852,00
30.08.17 0:00;покупатель 49;товар 18;58 780,05
31.08.17 0:00;покупатель 27;товар 6;23 807,00
01.09.17 0:00;покупатель 76;товар 3;10 101,00
02.09.17 0:00;покупатель 5;товар 10;36 328,00
03.09.17 0:00;покупатель 44;товар 24;26 100,00
04.09.17 0:00;покупатель 62;товар 12;3 990,00
05.09.17 0:00;покупатель 22;товар 14;38 091,90
06.09.17 0:00;покупатель 58;товар 5;20 058,30
07.09.17 0:00;покупатель 47;товар 19;37 026,00
08.09.17 0:00;покупатель 95;товар 4;5 848,00
09.09.17 0:00;покупатель 100;товар 17;9 638,00
10.09.17 0:00;покупатель 71;товар 12;10 312,00
11.09.17 0:00;покупатель 53;товар 4;32 062,00
12.09.17 0:00;покупатель 50;товар 17;30 077,25
13.09.17 0:00;покупатель 20;товар 9;22 395,80
14.09.17 0:00;покупатель 86;товар 6;50 612,40
15.09.17 0:00;покупатель 1;товар 19;1 756,10
16.09.17 0:00;покупатель 8;товар 25;11 105,25
17.09.17 0:00;покупатель 7;товар 18;45 280,35
18.09.17 0:00;покупатель 14;товар 20;51 583,95
19.09.17 0:00;покупатель 22;товар 9;4 171,80
20.09.17 0:00;покупатель 47;товар 15;18 606,50
21.09.17 0:00;покупатель 32;товар 1;47 100,00
22.09.17 0:00;покупатель 84;товар 20;9 909,30
23.09.17 0:00;покупатель 22;товар 13;16 418,60
24.09.17 0:00;покупатель 27;товар 6;66 430,00
25.09.17 0:00;покупатель 73;товар 1;18 691,50
26.09.17 0:00;покупатель 30;товар 14;14 007,00
27.09.17 0:00;покупатель 81;товар 22;34 588,20
28.09.17 0:00;покупатель 86;товар 7;11 673,90
29.09.17 0:00;покупатель 34;товар 3;70 517,70
30.09.17 0:00;покупатель 65;товар 22;14 979,00
01.10.17 0:00;покупатель 46;товар 15;18 940,00
02.10.17 0:00;покупатель 82;товар 1;9 470,00
03.10.17 0:00;покупатель 99;товар 15;11 350,05
04.10.17 0:00;покупатель 41;товар 16;45 261,65
05.10.17 0:00;покупатель 44;товар 15;15 530,00
06.10.17 0:00;покупатель 59;товар 18;8 630,00
07.10.17 0:00;покупатель 45;товар 5;8 225,00
08.10.17 0:00;покупатель 21;товар 19;83 060,00
09.10.17 0:00;покупатель 75;товар 7;2 292,45
10.10.17 0:00;покупатель 16;товар 9;11 622,90
11.10.17 0:00;покупатель 12;товар 21;18 263,00
12.10.17 0:00;покупатель 89;товар 18;60 620,00
13.10.17 0:00;покупатель 18;товар 25;17 850,00
14.10.17 0:00;покупатель 99;товар 12;6 675,90
15.10.17 0:00;покупатель 17;товар 11;24 750,00
16.10.17 0:00;покупатель 66;товар 5;6 034,00
17.10.17 0:00;покупатель 84;товар 5;4 867,95
18.10.17 0:00;покупатель 47;товар 20;50 075,20
19.10.17 0:00;покупатель 62;товар 10;16 080,00
20.10.17 0:00;покупатель 91;товар 19;19 724,00
21.10.17 0:00;покупатель 68;товар 9;54 200,00
22.10.17 0:00;покупатель 87;товар 23;6 293,40
23.10.17 0:00;покупатель 3;товар 16;45 993,50
24.10.17 0:00;покупатель 92;товар 18;17 048,00
25.10.17 0:00;покупатель 25;товар 20;5 773,20
26.10.17 0:00;покупатель 15;товар 19;32 221,80
27.10.17 0:00;покупатель 46;товар 9;18 999,00
28.10.17 0:00;покупатель 76;товар 1;36 932,00
29.10.17 0:00;покупатель 20;товар 9;76 763,50
30.10.17 0:00;покупатель 30;товар 12;13 776,00
31.10.17 0:00;покупатель 12;товар 1;21 252,00
01.11.17 0:00;покупатель 9;товар 18;5 841,00
02.11.17 0:00;покупатель 68;товар 18;9 968,00
03.11.17 0:00;покупатель 76;товар 13;45 120,00
04.11.17 0:00;покупатель 64;товар 4;35 568,00
05.11.17 0:00;покупатель 8;товар 8;6 075,80
06.11.17 0:00;покупатель 93;товар 8;53 102,00
07.11.17 0:00;покупатель 12;товар 15;81 648,00
08.11.17 0:00;покупатель 84;товар 16;19 992,00
09.11.17 0:00;покупатель 64;товар 5;89 964,00
10.11.17 0:00;покупатель 23;товар 22;8 669,00
11.11.17 0:00;покупатель 41;товар 19;28 458,00
12.11.17 0:00;покупатель 3;товар 6;15 787,05
13.11.17 0:00;покупатель 24;товар 24;25 364,85
14.11.17 0:00;покупатель 30;товар 8;3 430,00
15.11.17 0:00;покупатель 90;товар 4;15 396,90
16.11.17 0:00;покупатель 70;товар 18;23 445,00
17.11.17 0:00;покупатель 69;товар 11;38 640,00
18.11.17 0:00;покупатель 23;товар 12;97 790,00
19.11.17 0:00;покупатель 36;товар 1;64 489,50
20.11.17 0:00;покупатель 13;товар 2;69 824,00
21.11.17 0:00;покупатель 58;товар 19;16 398,20
22.11.17 0:00;покупатель 65;товар 3;8 960,00
23.11.17 0:00;покупатель 13;товар 11;25 428,00
24.11.17 0:00;покупатель 31;товар 12;9 612,00
25.11.17 0:00;покупатель 4;товар 15;5 377,10
26.11.17 0:00;покупатель 78;товар 12;5 971,25
27.11.17 0:00;покупатель 2;товар 20;73 656,00
28.11.17 0:00;покупатель 63;товар 7;48 290,20
29.11.17 0:00;покупатель 61;товар 10;9 000,00
30.11.17 0:00;покупатель 96;товар 19;92 570,00
01.12.17 0:00;покупатель 68;товар 9;8 896,00
02.12.17 0:00;покупатель 5;товар 16;61 317,00
03.12.17 0:00;покупатель 86;товар 5;1 045,50
04.12.17 0:00;покупатель 94;товар 21;5 151,00
05.12.17 0:00;покупатель 33;товар 15;19 624,80
06.12.17 0:00;покупатель 37;товар 3;42 957,00
07.12.17 0:00;покупатель 66;товар 12;88 800,00
08.12.17 0:00;покупатель 38;товар 10;9 149,00
09.12.17 0:00;покупатель 16;товар 21;11 034,70
10.12.17 0:00;покупатель 13;товар 24;62 482,00
11.12.17 0:00;покупатель 17;товар 24;40 120,00
12.12.17 0:00;покупатель 4;товар 23;64 778,50
13.12.17 0:00;покупатель 44;товар 16;12 246,00
14.12.17 0:00;покупатель 46;товар 16;14 538,00
15.12.17 0:00;покупатель 73;товар 21;11 690,90
16.12.17 0:00;покупатель 41;товар 3;1 785,85
17.12.17 0:00;покупатель 67;товар 22;21 817,80
18.12.17 0:00;покупатель 69;товар 12;31 566,00
19.12.17 0:00;покупатель 30;товар 1;23 190,00
20.12.17 0:00;покупатель 28;товар 24;61 524,00
21.12.17 0:00;покупатель 25;товар 17;14 955,75
22.12.17 0:00;покупатель 11;товар 14;54 408,00
23.12.17 0:00;покупатель 80;товар 5;5 013,30
24.12.17 0:00;покупатель 68;товар 25;36 336,00
25.12.17 0:00;покупатель 22;товар 18;16 184,85
26.12.17 0:00;покупатель 37;товар 7;44 510,00
27.12.17 0:00;покупатель 64;товар 10;4 922,00
28.12.17 0:00;покупатель 85;товар 9;11 184,00
29.12.17 0:00;покупатель 81;товар 20;5 635,50
30.12.17 0:00;покупатель 99;товар 19;9 034,65
31.12.17 0:00;покупатель 76;товар 12;15 136,00
01.01.18 0:00;покупатель 91;товар 10;55 510,00
02.01.18 0:00;покупатель 53;товар 19;6 490,60
03.01.18 0:00;покупатель 11;товар 15;11 416,00
04.01.18 0:00;покупатель 16;товар 12;15 555,00
05.01.18 0:00;покупатель 11;товар 25;3 273,00
06.01.18 0:00;покупатель 56;товар 20;12 048,00
07.01.18 0:00;покупатель 33;товар 21;47 951,05
08.01.18 0:00;покупатель 37;товар 9;40 165,00
09.01.18 0:00;покупатель 36;товар 9;27 233,15
10.01.18 0:00;покупатель 91;товар 5;80 046,00
11.01.18 0:00;покупатель 58;товар 15;14 795,10
12.01.18 0:00;покупатель 71;товар 9;11 706,00
13.01.18 0:00;покупатель 14;товар 4;18 862,35
14.01.18 0:00;покупатель 2;товар 20;33 530,00
15.01.18 0:00;покупатель 11;товар 17;7 298,00
16.01.18 0:00;покупатель 61;товар 11;20 932,00
17.01.18 0:00;покупатель 88;товар 23;7 680,60
18.01.18 0:00;покупатель 2;товар 25;18 114,00
19.01.18 0:00;покупатель 28;товар 6;9 689,00
20.01.18 0:00;покупатель 78;товар 3;31 603,00
21.01.18 0:00;покупатель 64;товар 21;35 855,00
22.01.18 0:00;покупатель 55;товар 16;45 255,00
23.01.18 0:00;покупатель 63;товар 8;16 223,10
24.01.18 0:00;покупатель 91;товар 2;5 371,00
25.01.18 0:00;покупатель 81;товар 7;53 377,45
26.01.18 0:00;покупатель 54;товар 6;50 770,50
27.01.18 0:00;покупатель 24;товар 5;16 141,50
28.01.18 0:00;покупатель 2;товар 10;23 050,00
29.01.18 0:00;покупатель 27;товар 15;19 818,00
30.01.18 0:00;покупатель 79;товар 18;13 700,00
31.01.18 0:00;покупатель 19;товар 24;26 301,00
01.02.18 0:00;покупатель 26;товар 6;38 685,00
02.02.18 0:00;покупатель 97;товар 16;66 735,00
03.02.18 0:00;покупатель 8;товар 18;14 195,00
04.02.18 0:00;покупатель 15;товар 14;27 414,20
05.02.18 0:00;покупатель 95;товар 4;6 258,00
06.02.18 0:00;покупатель 84;товар 6;47 880,50
07.02.18 0:00;покупатель 37;товар 13;58 002,00
08.02.18 0:00;покупатель 61;товар 14;12 455,00
09.02.18 0:00;покупатель 12;товар 11;2 116,00
10.02.18 0:00;покупатель 88;товар 24;73 983,15
11.02.18 0:00;покупатель 79;товар 14;10 570,00
12.02.18 0:00;покупатель 39;товар 5;4 371,55
13.02.18 0:00;покупатель 91;товар 2;1 635,00
14.02.18 0:00;покупатель 49;товар 20;72 114,00
15.02.18 0:00;покупатель 5;товар 15;16 866,00
16.02.18 0:00;покупатель 54;товар 20;33 721,20
17.02.18 0:00;покупатель 50;товар 17;1 683,00
18.02.18 0:00;покупатель 24;товар 14;29 493,30
19.02.18 0:00;покупатель 91;товар 13;27 840,00
20.02.18 0:00;покупатель 33;товар 1;59 765,20
21.02.18 0:00;покупатель 100;товар 14;77 232,00
22.02.18 0:00;покупатель 65;товар 13;46 520,00
23.02.18 0:00;покупатель 13;товар 9;11 788,00
24.02.18 0:00;покупатель 34;товар 21;52 203,60
25.02.18 0:00;покупатель 58;товар 6;65 033,50
26.02.18 0:00;покупатель 71;товар 24;34 720,00
27.02.18 0:00;покупатель 72;товар 2;18 815,60
28.02.18 0:00;покупатель 27;товар 22;8 448,00
01.03.18 0:00;покупатель 69;товар 4;32 170,00
02.03.18 0:00;покупатель 69;товар 18;5 489,00
03.03.18 0:00;покупатель 86;товар 19;22 743,45
04.03.18 0:00;покупатель 48;товар 21;35 904,00
05.03.18 0:00;покупатель 43;товар 8;19 745,50
06.03.18 0:00;покупатель 41;товар 19;9 086,50
07.03.18 0:00;покупатель 87;товар 24;21 488,00
08.03.18 0:00;покупатель 70;товар 10;39 300,00
09.03.18 0:00;покупатель 16;товар 19;7 217,35
10.03.18 0:00;покупатель 84;товар 10;40 625,75
11.03.18 0:00;покупатель 6;товар 24;64 576,00
12.03.18 0:00;покупатель 61;товар 17;36 264,00
13.03.18 0:00;покупатель 23;товар 22;3 143,00
14.03.18 0:00;покупатель 1;товар 24;22 955,10
15.03.18 0:00;покупатель 45;товар 21;23 924,00
16.03.18 0:00;покупатель 99;товар 4;16 452,60
17.03.18 0:00;покупатель 68;товар 5;11 485,00
18.03.18 0:00;покупатель 42;товар 19;37 888,00
19.03.18 0:00;покупатель 50;товар 20;12 168,60
20.03.18 0:00;покупатель 29;товар 6;22 047,00
21.03.18 0:00;покупатель 68;товар 1;36 010,00
22.03.18 0:00;покупатель 91;товар 23;34 026,00
23.03.18 0:00;покупатель 15;товар 3;13 918,75
24.03.18 0:00;покупатель 25;товар 11;41 473,20
25.03.18 0:00;покупатель 46;товар 2;78 992,00
26.03.18 0:00;покупатель 2;товар 5;75 320,00
27.03.18 0:00;покупатель 99;товар 25;25 656,40
28.03.18 0:00;покупатель 57;товар 8;37 512,00
29.03.18 0:00;покупатель 34;товар 5;62 961,20
30.03.18 0:00;покупатель 82;товар 11;95 180,00
31.03.18 0:00;покупатель 81;товар 18;71 349,00
01.04.18 0:00;покупатель 99;товар 18;37 230,00
02.04.18 0:00;покупатель 71;товар 19;22 191,00
03.04.18 0:00;покупатель 47;товар 19;33 248,60
04.04.18 0:00;покупатель 40;товар 21;10 728,00
05.04.18 0:00;покупатель 51;товар 3;15 330,00
06.04.18 0:00;покупатель 38;товар 22;35 736,00
07.04.18 0:00;покупатель 38;товар 15;2 381,00
08.04.18 0:00;покупатель 35;товар 23;28 188,00
09.04.18 0:00;покупатель 86;товар 7;13 311,00
10.04.18 0:00;покупатель 36;товар 22;8 126,00
11.04.18 0:00;покупатель 40;товар 6;36 945,00
12.04.18 0:00;покупатель 91;товар 19;48 624,00
13.04.18 0:00;покупатель 71;товар 5;43 528,00
14.04.18 0:00;покупатель 94;товар 19;14 553,70
15.04.18 0:00;покупатель 64;товар 20;3 934,00
16.04.18 0:00;покупатель 74;товар 7;57 357,00
17.04.18 0:00;покупатель 95;товар 15;23 748,00
18.04.18 0:00;покупатель 30;товар 1;15 312,00
19.04.18 0:00;покупатель 100;товар 13;6 504,00
20.04.18 0:00;покупатель 31;товар 22;10 180,00
21.04.18 0:00;покупатель 91;товар 2;86 780,00
22.04.18 0:00;покупатель 1;товар 20;4 425,95
23.04.18 0:00;покупатель 35;товар 8;16 143,00
24.04.18 0:00;покупатель 68;товар 1;54 414,00
25.04.18 0:00;покупатель 43;товар 1;11 625,45
26.04.18 0:00;покупатель 45;товар 23;13 104,00
27.04.18 0:00;покупатель 54;товар 16;7 520,80
28.04.18 0:00;покупатель 72;товар 4;21 134,40
29.04.18 0:00;покупатель 85;товар 23;12 261,00
30.04.18 0:00;покупатель 1;товар 7;47 085,75
01.05.18 0:00;покупатель 94;товар 24;49 510,80
02.05.18 0:00;покупатель 47;товар 25;7 167,20
03.05.18 0:00;покупатель 81;товар 24;12 599,55
04.05.18 0:00;покупатель 89;товар 7;16 976,00
05.05.18 0:00;покупатель 41;товар 20;11 260,80
06.05.18 0:00;покупатель 21;товар 3;62 721,00
07.05.18 0:00;покупатель 8;товар 10;71 179,00
08.05.18 0:00;покупатель 91;товар 19;82 323,00
09.05.18 0:00;покупатель 5;товар 15;2 488,00
10.05.18 0:00;покупатель 68;товар 17;49 824,00
11.05.18 0:00;покупатель 7;товар 3;34 807,50
12.05.18 0:00;покупатель 95;товар 9;44 190,00
13.05.18 0:00;покупатель 76;товар 16;42 741,00
14.05.18 0:00;покупатель 16;товар 25;30 350,10
15.05.18 0:00;покупатель 3;товар 11;1 935,45
16.05.18 0:00;покупатель 47;товар 20;80 801,00
17.05.18 0:00;покупатель 45;товар 14;28 710,00
18.05.18 0:00;покупатель 81;товар 14;16 582,65
19.05.18 0:00;покупатель 85;товар 24;12 312,00
20.05.18 0:00;покупатель 86;товар 18;65 681,20
21.05.18 0:00;покупатель 75;товар 8;24 344,00
22.05.18 0:00;покупатель 49;товар 17;8 243,30
23.05.18 0:00;покупатель 10;товар 2;6 737,10
24.05.18 0:00;покупатель 14;товар 7;63 104,00
25.05.18 0:00;покупатель 58;товар 4;47 590,65
26.05.18 0:00;покупатель 26;товар 12;16 308,00
27.05.18 0:00;покупатель 66;товар 5;7 864,00
28.05.18 0:00;покупатель 83;товар 16;20 364,00
29.05.18 0:00;покупатель 68;товар 19;7 004,00
30.05.18 0:00;покупатель 94;товар 2;10 342,80
31.05.18 0:00;покупатель 59;товар 21;18 335,00
01.06.18 0:00;покупатель 89;товар 12;7 789,00
02.06.18 0:00;покупатель 78;товар 23;3 961,00
03.06.18 0:00;покупатель 81;товар 24;11 895,75
04.06.18 0:00;покупатель 46;товар 4;13 250,00
05.06.18 0:00;покупатель 45;товар 10;8 976,00
06.06.18 0:00;покупатель 32;товар 2;20 632,00
07.06.18 0:00;покупатель 40;товар 21;21 270,00
08.06.18 0:00;покупатель 84;товар 5;9 173,20
09.06.18 0:00;покупатель 9;товар 10;85 959,00
10.06.18 0:00;покупатель 1;товар 17;7 825,95
11.06.18 0:00;покупатель 28;товар 22;34 740,00
12.06.18 0:00;покупатель 37;товар 24;13 250,00
13.06.18 0:00;покупатель 84;товар 12;23 666,55
14.06.18 0:00;покупатель 89;товар 12;14 860,00
15.06.18 0:00;покупатель 43;товар 24;9 720,60
16.06.18 0:00;покупатель 90;товар 22;38 943,60
17.06.18 0:00;покупатель 90;товар 21;48 161,00
18.06.18 0:00;покупатель 40;товар 22;27 244,00
19.06.18 0:00;покупатель 12;товар 16;79 072,00
20.06.18 0:00;покупатель 30;товар 14;36 491,00
21.06.18 0:00;покупатель 1;товар 12;41 446,00
22.06.18 0:00;покупатель 86;товар 18;31 399,00
23.06.18 0:00;покупатель 73;товар 5;15 147,00
24.06.18 0:00;покупатель 11;товар 3;49 655,00
25.06.18 0:00;покупатель 67;товар 3;55 324,80
26.06.18 0:00;покупатель 88;товар 4;15 468,30
27.06.18 0:00;покупатель 84;товар 25;26 877,00
28.06.18 0:00;покупатель 37;товар 11;53 520,00
29.06.18 0:00;покупатель 36;товар 2;10 448,20
30.06.18 0:00;покупатель 66;товар 13;1 419,00
01.07.18 0:00;покупатель 6;товар 5;36 162,00
02.07.18 0:00;покупатель 76;товар 21;5 140,00
03.07.18 0:00;покупатель 68;товар 20;2 046,00
04.07.18 0:00;покупатель 66;товар 6;38 514,00
05.07.18 0:00;покупатель 91;товар 22;36 810,00
06.07.18 0:00;покупатель 74;товар 17;40 510,00
07.07.18 0:00;покупатель 52;товар 24;25 752,00
08.07.18 0:00;покупатель 41;товар 14;1 012,35
09.07.18 0:00;покупатель 79;товар 5;7 683,00
10.07.18 0:00;покупатель 28;товар 21;38 731,00
11.07.18 0:00;покупатель 77;товар 16;52 173,00
12.07.18 0:00;покупатель 89;товар 4;82 080,00
13.07.18 0:00;покупатель 3;товар 20;21 751,50
14.07.18 0:00;покупатель 33;товар 1;73 179,90
15.07.18 0:00;покупатель 40;товар 9;32 844,00
16.07.18 0:00;покупатель 53;товар 10;6 772,80
17.07.18 0:00;покупатель 30;товар 13;28 462,00
18.07.18 0:00;покупатель 20;товар 25;11 021,10
19.07.18 0:00;покупатель 80;товар 5;28 600,80
20.07.18 0:00;покупатель 42;товар 13;21 819,00
21.07.18 0:00;покупатель 19;товар 2;5 389,00
22.07.18 0:00;покупатель 28;товар 3;22 215,00
23.07.18 0:00;покупатель 43;товар 20;28 119,70
24.07.18 0:00;покупатель 83;товар 6;32 925,00
25.07.18 0:00;покупатель 85;товар 3;12 544,00
26.07.18 0:00;покупатель 10;товар 25;20 988,20
27.07.18 0:00;покупатель 81;товар 14;26 260,75
28.07.18 0:00;покупатель 55;товар 2;26 352,00
29.07.18 0:00;покупатель 4;товар 18;38 508,40
30.07.18 0:00;покупатель 72;товар 9;33 524,00
31.07.18 0:00;покупатель 7;товар 16;2 157,30
01.08.18 0:00;покупатель 81;товар 7;3 824,15
02.08.18 0:00;покупатель 16;товар 22;36 604,40
03.08.18 0:00;покупатель 81;товар 18;26 312,60
04.08.18 0:00;покупатель 38;товар 4;1 025,00
05.08.18 0:00;покупатель 85;товар 22;19 362,00
06.08.18 0:00;покупатель 52;товар 4;73 269,00
07.08.18 0:00;покупатель 50;товар 2;21 636,75
08.08.18 0:00;покупатель 41;товар 22;2 989,45
09.08.18 0:00;покупатель 28;товар 4;59 899,00
10.08.18 0:00;покупатель 6;товар 5;2 485,00
11.08.18 0:00;покупатель 73;товар 18;45 779,30
12.08.18 0:00;покупатель 77;товар 10;42 205,00
13.08.18 0:00;покупатель 99;товар 25;27 780,55
14.08.18 0:00;покупатель 64;товар 12;75 250,00
15.08.18 0:00;покупатель 38;товар 25;60 291,00
16.08.18 0:00;покупатель 60;товар 9;8 179,00
17.08.18 0:00;покупатель 96;товар 9;28 010,00
18.08.18 0:00;покупатель 85;товар 5;69 903,00
19.08.18 0:00;покупатель 8;товар 19;1 730,60
20.08.18 0:00;покупатель 48;товар 15;15 534,60
21.08.18 0:00;покупатель 80;товар 8;39 627,00
22.08.18 0:00;покупатель 19;товар 3;33 366,00
23.08.18 0:00;покупатель 80;товар 4;50 031,00
24.08.18 0:00;покупатель 62;товар 5;6 464,00
25.08.18 0:00;покупатель 22;товар 5;10 184,70
26.08.18 0:00;покупатель 15;товар 22;18 198,50
27.08.18 0:00;покупатель 24;товар 20;26 683,20
28.08.18 0:00;покупатель 73;товар 1;22 728,15
29.08.18 0:00;покупатель 30;товар 11;8 492,00
30.08.18 0:00;покупатель 9;товар 14;55 880,00
31.08.18 0:00;покупатель 80;товар 5;20 542,80
01.09.18 0:00;покупатель 17;товар 10;2 822,00
02.09.18 0:00;покупатель 29;товар 4;11 440,00
03.09.18 0:00;покупатель 100;товар 15;43 099,00
04.09.18 0:00;покупатель 86;товар 21;15 106,20
05.09.18 0:00;покупатель 28;товар 14;58 408,00
06.09.18 0:00;покупатель 33;товар 23;65 892,00
07.09.18 0:00;покупатель 15;товар 17;31 300,40
08.09.18 0:00;покупатель 35;товар 13;13 260,00
09.09.18 0:00;покупатель 72;товар 8;4 743,85
10.09.18 0:00;покупатель 2;товар 8;2 418,00
11.09.18 0:00;покупатель 4;товар 10;3 689,85
12.09.18 0:00;покупатель 67;товар 5;14 016,50
13.09.18 0:00;покупатель 87;товар 20;1 979,65
14.09.18 0:00;покупатель 55;товар 3;13 228,00
15.09.18 0:00;покупатель 99;товар 21;45 430,80
16.09.18 0:00;покупатель 99;товар 9;10 268,00
17.09.18 0:00;покупатель 91;товар 12;38 000,00
18.09.18 0:00;покупатель 62;товар 6;3 318,00
19.09.18 0:00;покупатель 80;товар 3;47 266,80
20.09.18 0:00;покупатель 48;товар 19;15 616,20
21.09.18 0:00;покупатель 24;товар 7;4 539,00
22.09.18 0:00;покупатель 58;товар 9;39 019,25
23.09.18 0:00;покупатель 4;товар 13;14 094,70
24.09.18 0:00;покупатель 53;товар 16;16 478,10
25.09.18 0:00;покупатель 84;товар 7;59 857,00
26.09.18 0:00;покупатель 51;товар 24;79 920,00
27.09.18 0:00;покупатель 48;товар 14;22 665,25
28.09.18 0:00;покупатель 22;товар 16;45 634,80
29.09.18 0:00;покупатель 63;товар 2;16 921,80
30.09.18 0:00;покупатель 76;товар 12;31 149,00
01.10.18 0:00;покупатель 86;товар 18;16 654,05
02.10.18 0:00;покупатель 56;товар 15;21 984,00
03.10.18 0:00;покупатель 35;товар 14;26 058,00
04.10.18 0:00;покупатель 80;товар 6;21 073,20
05.10.18 0:00;покупатель 40;товар 4;8 817,00
06.10.18 0:00;покупатель 52;товар 2;39 410,00
07.10.18 0:00;покупатель 94;товар 21;11 038,10
08.10.18 0:00;покупатель 92;товар 4;38 820,00
09.10.18 0:00;покупатель 61;товар 16;40 635,00
10.10.18 0:00;покупатель 84;товар 16;23 967,45
11.10.18 0:00;покупатель 76;товар 5;8 656,00
12.10.18 0:00;покупатель 59;товар 7;91 440,00
13.10.18 0:00;покупатель 81;товар 7;5 836,95
14.10.18 0:00;покупатель 23;товар 21;47 364,00
15.10.18 0:00;покупатель 82;товар 14;14 478,00
16.10.18 0:00;покупатель 34;товар 25;18 522,35
17.10.18 0:00;покупатель 35;товар 10;31 655,00
18.10.18 0:00;покупатель 84;товар 23;3 071,05
19.10.18 0:00;покупатель 16;товар 24;21 465,90
20.10.18 0:00;покупатель 38;товар 22;56 210,00
21.10.18 0:00;покупатель 9;товар 3;56 556,00
22.10.18 0:00;покупатель 95;товар 18;39 904,00
23.10.18 0:00;покупатель 76;товар 22;23 505,00
24.10.18 0:00;покупатель 56;товар 17;37 208,00
25.10.18 0:00;покупатель 23;товар 23;2 604,00
26.10.18 0:00;покупатель 52;товар 21;2 088,00
27.10.18 0:00;покупатель 54;товар 24;12 741,50
28.10.18 0:00;покупатель 31;товар 4;21 303,00
29.10.18 0:00;покупатель 80;товар 15;4 355,40
30.10.18 0:00;покупатель 64;товар 9;36 239,00
31.10.18 0:00;покупатель 7;товар 15;8 471,95
01.11.18 0:00;покупатель 79;товар 13;21 196,00
02.11.18 0:00;покупатель 39;товар 23;11 156,25
03.11.18 0:00;покупатель 44;товар 2;53 226,00
04.11.18 0:00;покупатель 25;товар 3;26 183,40
05.11.18 0:00;покупатель 69;товар 12;55 160,00
06.11.18 0:00;покупатель 66;товар 19;52 430,00
07.11.18 0:00;покупатель 97;товар 18;5 169,00
08.11.18 0:00;покупатель 72;товар 11;4 656,30
09.11.18 0:00;покупатель 10;товар 25;9 151,10
10.11.18 0:00;покупатель 87;товар 12;5 507,15
11.11.18 0:00;покупатель 42;товар 1;8 762,00
12.11.18 0:00;покупатель 54;товар 6;8 335,10
13.11.18 0:00;покупатель 2;товар 1;3 464,00
14.11.18 0:00;покупатель 84;товар 13;10 421,00
15.11.18 0:00;покупатель 37;товар 12;79 712,00
16.11.18 0:00;покупатель 31;товар 18;25 408,00
17.11.18 0:00;покупатель 70;товар 4;13 647,00
18.11.18 0:00;покупатель 79;товар 9;13 314,00
19.11.18 0:00;покупатель 52;товар 7;10 430,00
20.11.18 0:00;покупатель 28;товар 1;71 570,00
21.11.18 0:00;покупатель 83;товар 23;4 756,00
22.11.18 0:00;покупатель 44;товар 21;66 304,00
23.11.18 0:00;покупатель 75;товар 25;26 139,20
24.11.18 0:00;покупатель 94;товар 10;63 369,20
25.11.18 0:00;покупатель 58;товар 10;34 276,25
26.11.18 0:00;покупатель 7;товар 24;44 041,90
27.11.18 0:00;покупатель 19;товар 24;7 290,00
28.11.18 0:00;покупатель 8;товар 20;65 912,40
29.11.18 0:00;покупатель 51;товар 7;41 970,00
30.11.18 0:00;покупатель 16;товар 4;54 817,35
01.12.18 0:00;покупатель 85;товар 17;17 320,00
02.12.18 0:00;покупатель 84;товар 18;53 645,20
03.12.18 0:00;покупатель 16;товар 10;37 148,40
04.12.18 0:00;покупатель 84;товар 7;7 847,20
05.12.18 0:00;покупатель 75;товар 17;20 932,95
06.12.18 0:00;покупатель 88;товар 1;34 753,95
07.12.18 0:00;покупатель 65;товар 3;14 930,00
08.12.18 0:00;покупатель 88;товар 18;54 704,30
09.12.18 0:00;покупатель 28;товар 16;52 232,00
10.12.18 0:00;покупатель 10;товар 7;13 635,70
11.12.18 0:00;покупатель 25;товар 18;9 134,10
12.12.18 0:00;покупатель 53;товар 23;37 890,45
13.12.18 0:00;покупатель 4;товар 4;15 789,60
14.12.18 0:00;покупатель 53;товар 15;8 262,00
15.12.18 0:00;покупатель 1;товар 6;4 926,60
16.12.18 0:00;покупатель 83;товар 21;70 560,00
17.12.18 0:00;покупатель 37;товар 16;33 410,00
18.12.18 0:00;покупатель 44;товар 14;14 030,00
19.12.18 0:00;покупатель 94;товар 22;18 344,70
20.12.18 0:00;покупатель 72;товар 23;23 523,75
21.12.18 0:00;покупатель 46;товар 7;65 200,00
22.12.18 0:00;покупатель 94;товар 24;11 485,20
23.12.18 0:00;покупатель 38;товар 1;20 583,00
24.12.18 0:00;покупатель 79;товар 8;4 708,00
25.12.18 0:00;покупатель 69;товар 14;32 976,00
26.12.18 0:00;покупатель 11;товар 13;55 696,00
27.12.18 0:00;покупатель 12;товар 7;24 920,00
28.12.18 0:00;покупатель 86;товар 12;25 785,60
29.12.18 0:00;покупатель 18;товар 8;5 588,00
30.12.18 0:00;покупатель 17;товар 18;14 601,00
31.12.18 0:00;покупатель 100;товар 10;40 575,00
